{
  "difficulty": 5.2,
  "confidence": 0.7,
  "source": "heuristic",
  "features": {
    "github_stars_log": 11.167148069327736,
    "github_forks_log": 9.485393028027822,
    "github_issues_ratio": 51.73388350337733,
    "years_in_market": 11.915126625598905,
    "npm_downloads_log": 6.704414354964107,
    "stackoverflow_questions_log": 8.701013624333928,
    "maintenance_score": -40.56673543404959,
    "maturity_score": 13.30579832928523
  },
  "explanation": "Grafana difficulty: 5.2/10. Very popular (70,766 stars) with extensive resources. Mature technology (11.9 years)",
  "timestamp": "2025-11-11T13:18:08.184033"
}
