{
  "difficulty": 5.8,
  "confidence": 0.7,
  "source": "heuristic",
  "features": {
    "github_stars_log": 6.90875477931522,
    "github_forks_log": 4.61512051684126,
    "github_issues_ratio": 50.0,
    "years_in_market": 5.0,
    "npm_downloads_log": 9.545311482471128,
    "stackoverflow_questions_log": 9.924465958921319,
    "maintenance_score": -43.09124522068478,
    "maturity_score": 3.4543773896576098
  },
  "explanation": "Terraform difficulty: 5.8/10. Limited community (999 stars), fewer resources. Large StackOverflow community (20,422 questions)",
  "timestamp": "2025-11-11T13:21:32.729747"
}
