{
  "react": 1170.0,
  "node": 1000.0,
  "postgres": 365.0,
  "redis": 160.9090909090909,
  "docker": 50.0,
  "elasticsearch": 325.0,
  "python_fastapi": 700.0,
  "jwt": 120.0,
  "swagger": 80.0,
  "graphql": 450.0,
  "stripe": 256.6666666666667,
  "kafka": 516.0,
  "websocket": 400.0,
  "mongodb": 300.0,
  "aws_s3": 200.0,
  "ffmpeg": 300.0,
  "ml_recommendations": 800.0,
  "s3": 165.0,
  "vault": 200.0,
  "clickhouse": 400.0
}